bathsize, gamma, DTS, t
40000, 1.600000e+00, 2.000000e-02, 2.000000e+03
