bathsize, gamma, DTS, t
60000, 1.700000e+00, 6.000000e-03, 6.000000e+01
