bathsize, gamma, DTS, t
60000, 1.800000e+00, 7.000000e-01, 7.000000e+03
