bathsize, gamma, DTS, t
20000, 1.500000e+00, 5.000000e-01, 5.000000e+03
