bathsize, gamma, DTS, t
10000, 1.200000e+00, 1.000000e-06, 1.000000e+00
