bathsize, gamma, DTS, t
60000, 1.250000e+00, 7.000000e-02, 7.000000e+02
