bathsize, gamma, DTS, t
60000, 1.700000e+00, 1.000000e-01, 1.000000e+03
