bathsize, gamma, DTS, t
60000, 1.200000e+00, 6.000000e-01, 6.000000e+03
