bathsize, gamma, DTS, t
60000, 1.600000e+00, 5.000000e-03, 5.000000e+00
